product_id,gtin,store_id,product_name,brand,variant,size_value,size_unit,price,price_per_kg,price_per_l,observed_at,store_name,store_address,source,notes
domol_proszek_do_prania_ubrań_kolorowych_1350g,4305615596389,rossmann_bielsko_biała_mostowa_5,Proszek do prania ubrań kolorowych,Domol,,1350,g,17.99,13.33,,2026-09-05T09:58:00+02:00,Rossmann,"ul. Mostowa 5, 43-300 Bielsko-Biała",Zdjęcie paragonu i opakowania użytkownika,Oryginalna nazwa na opakowaniu (de): Color-Waschmittel
dove_kostka_myjąca_beauty_cream_bar_4x90g_360g,8720181481529,rossmann_bielsko_biała_mostowa_5,Kostka myjąca,Dove,Beauty Cream Bar 4 × 90 g,360,g,23.99,66.64,,2026-09-05T09:58:00+02:00,Rossmann,"ul. Mostowa 5, 43-300 Bielsko-Biała",Zdjęcie paragonu i opakowania użytkownika,Oryginalna nazwa na opakowaniu (en): beauty cream bar
truskawki_liofilizowane_global_food_pyłek_proszek_500g,,erli_global_food,Truskawki liofilizowane,Global Food,Pyłek/proszek,500,g,94.60,189.20,,2026-09-06T12:22:22+02:00,ERLI / Global-Food,,https://erli.pl/produkt/truskawki-liofilizowane-500g-pylek-proszek-naturalne-bez-cukru,217084932
zielona_herbata_sencha_midori_pierwszy_zbiór_2x100g_200g,5904157450853,allegro_matcha_midori,Zielona herbata Sencha,Midori,Pierwszy zbiór 2 × 100 g,200,g,85.00,425.00,,2026-09-06T12:25:40+02:00,Allegro / Matcha_Midori,,https://allegro.pl/produkt/midori-sencha-japonska-zielona-herbata-lisciasta-200g-094969f7-0032-403d-9e47-77887bb65a31?offerId=17821141861,
100_whey_gold_standard_optimum_nutrition_podwójna_czekolada_4540g,,gymbeam,100% Whey Gold Standard,Optimum Nutrition,Podwójna czekolada,4540,g,669.00,147.36,,2026-09-06T12:35:49+02:00,GymBeam,,https://gymbeam.pl/100-whey-gold-standard-optimum-nutrition.html,
orzechy_włoskie_łuskane_połówki_naturalne_1000g,5908062943240,allegro_pistachio_sk,Orzechy włoskie łuskane,,Połówki naturalne,1000,g,29.45,29.45,,2026-09-07T15:00:00+02:00,Allegro / PISTACHIO_SK,,https://allegro.pl/oferta/orzechy-wloskie-luskane-1kg-1000g-naturalne-18581619047,
płatki_owsiane_rolpol_agra_górskie_grube_20000g,5907750430475,allegro_robek50,Płatki owsiane,Rolpol Agra,Górskie grube,20000,g,92.00,4.60,,2026-09-10T12:18:00+02:00,Allegro / ROBEK50,,https://allegro.pl/oferta/platki-owsiane-gorskie-grube-20kg-zdrowa-polska-11838278667,
worki_do_zamrażania_kuchcik_6l_30x40cm_50szt,5902365029175,allegro_marketleo_pl,Worki do zamrażania,Kuchcik,"6 l, 30 × 40 cm",50,szt,5.89,,,2026-09-10T12:18:00+02:00,Allegro / marketleo_pl,,https://allegro.pl/oferta/kuchcik-worki-do-zamrazania-mrozenia-zywnosci-na-mrozonki-6l-30x40cm-50szt-15329046107,
pasta_do_zębów_elmex_caries_protection_plus_complete_care_75ml,8718951516014,medicare,Pasta do zębów,Elmex,Caries Protection Plus Complete Care,75,ml,17.49,,233.20,2026-09-10T13:06:00+02:00,Medicare,,https://www.medicare.pl/elmex-caries-protection-plus-complete-care-pasta-do-zebow-75-ml.html,
pasta_do_zębów_elmex_enamel_professional_75ml,8718951034983,medicare,Pasta do zębów,Elmex,Enamel Professional,75,ml,17.49,,233.20,2026-09-10T13:06:00+02:00,Medicare,,https://www.medicare.pl/pasta-elmex-75ml-prof-ochrona-szkliwa.html,
czekolada_gorzka_wawel_premium_100_cocoa_80g,,allegro_udziewczynhurt,Czekolada gorzka,Wawel,Premium 100% cocoa,80,g,13.06,163.25,,2026-09-12T14:53:00+02:00,Allegro / uDziewczynHurt,,https://allegro.pl/moje-allegro/zakupy/kupione/f91b3031-80c2-354d-bd4d-704a33d1fb47,
dezodorant_do_obuwia_sanytol_150ml,3045200715009,hebe_bielsko_biała_mostowa_5,Dezodorant do obuwia,Sanytol,,150,ml,11.89,,79.27,2026-09-16T09:19:00+02:00,Hebe,"ul. Mostowa 5, 43-300 Bielsko-Biała",Zdjęcie paragonu i opakowania użytkownika,
plastry_na_niedoskonałości_garnier_pureactive_niewidoczne_22szt,3600542573146,hebe_bielsko_biała_mostowa_5,Plastry na niedoskonałości,Garnier,PureActive niewidoczne,22,szt,25.19,,,2026-09-16T09:19:00+02:00,Hebe,"ul. Mostowa 5, 43-300 Bielsko-Biała",Zdjęcie paragonu i opakowania użytkownika,
plastry_na_niedoskonałości_erne_microneedle_pimple_fighter_9szt,5391545181954,hebe_bielsko_biała_mostowa_5,Plastry na niedoskonałości,Erne,Microneedle Pimple Fighter,9,szt,13.29,,,2026-09-16T09:19:00+02:00,Hebe,"ul. Mostowa 5, 43-300 Bielsko-Biała",Zdjęcie paragonu i opakowania użytkownika,
antyperspirant_w_kulce_ziaja_sport_2w1_z_serum_60ml,5901887007302,ziaja_dla_ciebie_bielsko_biała_mostowa_5,Antyperspirant w kulce,Ziaja,Sport 2w1 z serum,60,ml,10.90,,181.67,2026-09-16T09:26:00+02:00,Ziaja dla Ciebie / Galeria Sfera,"ul. Mostowa 5, 43-300 Bielsko-Biała",Zdjęcie paragonu i opakowania użytkownika,
antyperspirant_w_kulce_ziaja_yego_sport_50ml,5901887019824,ziaja_dla_ciebie_bielsko_biała_mostowa_5,Antyperspirant w kulce,Ziaja,Yego Sport,50,ml,10.90,,218.00,2026-09-16T09:26:00+02:00,Ziaja dla Ciebie / Galeria Sfera,"ul. Mostowa 5, 43-300 Bielsko-Biała",Zdjęcie paragonu i opakowania użytkownika,
tabletki_do_zmywarki_glimmerstone_bresh_12w1_xxl_500szt,5905261447142,allegro_skandynawskidom,Tabletki do zmywarki,Glimmerstone,Bresh 12w1 XXL,500,szt,119.99,,,2026-09-23T13:51:37.447Z,Allegro / skandynawskidom,,https://allegro.pl/oferta/glimmerstone-bresh-tabletki-kapsulki-do-zmywarki-12w1-xxl-500szt-8664735065,
makaron_konjac_keto_chef_angel_hair_bio_200g,5060691233533,allegro_planeta_zdrowia,Makaron konjac,Keto Chef,Angel Hair BIO,200,g,4.84,24.20,,2026-09-23T13:51:41.832Z,Allegro / planeta-zdrowia,,https://allegro.pl/oferta/keto-makaron-konjac-angel-hair-bezglutenowy-bio-keto-chef-zero-weglowodanow-18256905173,Tytuł oferty podaje 270 g; parametr Waga oraz cena jednostkowa wskazują 200 g produktu.
mydło_w_płynie_luksja_creamy_soft_cotton_5000ml,5900536353111,allegro_kosmetykichemia2,Mydło w płynie,Luksja,Creamy&Soft Cotton,5000,ml,33.58,,6.72,2026-09-23T13:51:46.434Z,Allegro / kosmetykichemia2,,https://allegro.pl/oferta/luksja-mydlo-w-plynie-5-l-cotton-zapas-17341235277,
st_moriz_balsam_przeciwsłoneczny_do_ciała_spf_50_200ml,5060950964123,rossmann_bielsko_biała_leszczyńska_20,Balsam przeciwsłoneczny do ciała,St. Moriz,SPF 50,200,ml,67.99,,339.95,2026-09-26T09:35:00+02:00,Rossmann,"ul. Leszczyńska 20, 43-300 Bielsko-Biała",Zdjęcie paragonu i opakowania użytkownika,Oryginalna nazwa na opakowaniu (en): Body Sunscreen
john_frieda_odżywka_do_włosów_brilliant_brunette_colour_vibrancy_250ml,5037156298987,hebe_bielsko_biała_leszczyńska_20,Odżywka do włosów,John Frieda,Brilliant Brunette Colour Vibrancy,250,ml,29.99,,119.96,2026-09-26T09:48:00+02:00,Hebe,"ul. Leszczyńska 20, 43-300 Bielsko-Biała",Zdjęcie paragonu i opakowania użytkownika,Oryginalna nazwa na opakowaniu (en): Brilliant Brunette Colour Vibrancy Conditioner
neutrogena_krem_do_rąk_fast_absorbing_75ml,3574660412277,rossmann_bielsko_biała_leszczyńska_20,Krem do rąk,Neutrogena,Fast Absorbing,75,ml,9.99,,133.20,2026-09-26T09:35:00+02:00,Rossmann,"ul. Leszczyńska 20, 43-300 Bielsko-Biała",Zdjęcie paragonu i opakowania użytkownika,Oryginalna nazwa na opakowaniu (en): Norwegian Formula Fast Absorbing Hand Cream Non-Greasy
neutrogena_krem_do_rąk_skoncentrowany_bezzapachowy_75ml,3574661527918,rossmann_bielsko_biała_leszczyńska_20,Krem do rąk,Neutrogena,Skoncentrowany bezzapachowy,75,ml,9.99,,133.20,2026-09-26T09:35:00+02:00,Rossmann,"ul. Leszczyńska 20, 43-300 Bielsko-Biała",Zdjęcie paragonu i opakowania użytkownika,Oryginalna nazwa na opakowaniu (en): Norwegian Formula Hand Cream Concentrated Unscented
zielona_herbata_green_touch_sencha_tokujyoo_shizuoka_100g,5903917146586,allegro_greentouch_pl,Zielona herbata,Green Touch,Sencha Tokujyoo Shizuoka,100,g,35.90,359.00,,2026-09-28T13:10:56.622Z,Allegro / GreenTouch_PL,,https://allegro.pl/oferta/herbata-zielona-japonska-sencha-tokujyoo-shizuoka-100-g-o-kremowym-finiszu-17507827207,Nazwa handlowa w ofercie: Japan Sencha Tokujyoo Shizouka; kraj pochodzenia: Japonia.
czosnek_granulowany_kol_pol_1000g,755387824540,allegro_kol_pol_sklep,Czosnek granulowany,Kol-pol,,1000,g,29.90,29.90,,2026-09-28T13:12:13.900Z,Allegro / KOL-POL_Sklep,,https://allegro.pl/oferta/czosnek-granulowany-1kg-suszony-naturalny-aromatyczna-przyprawa-kol-pol-7474722063,
papryka_słodka_mielona_kol_pol_1000g,5904041059278,allegro_kol_pol_sklep,Papryka słodka mielona,Kol-pol,,1000,g,28.90,28.90,,2026-09-28T13:12:23.120Z,Allegro / KOL-POL_Sklep,,https://allegro.pl/oferta/papryka-slodka-mielona-1kg-czerwona-aromatyczna-naturalna-jakosc-kol-pol-10741516026,
przyprawa_do_kurczaka_kol_pol_złocisty_1000g,5904041061547,allegro_kol_pol_sklep,Przyprawa do kurczaka,Kol-pol,Złocisty,1000,g,28.90,28.90,,2026-09-28T13:12:27.974Z,Allegro / KOL-POL_Sklep,,https://allegro.pl/oferta/przyprawa-do-kurczaka-zlocistego-1kg-aromatyczna-mieszanka-jakosc-kol-pol-12406014098,
żelatyna_spożywcza_kol_pol_180_bloom_1000g,5904041062049,allegro_kol_pol_sklep,Żelatyna spożywcza,Kol-pol,180 Bloom,1000,g,34.79,34.79,,2026-09-28T13:12:31.533Z,Allegro / KOL-POL_Sklep,,https://allegro.pl/oferta/zelatyna-spozywcza-180-bloom-1kg-naturalna-mocna-wysoka-jakosc-kol-pol-8561136641,
